<?xml version="1.0" encoding="UTF-8"?>
<CommQry title="汇率信息维护" type="call" interface="true" navigate=""
	pagesize="1000" async="true" databusid="" transdataactionurl="/trans/TransDataAction.do"
	getterclassname="com.huateng.hsbc.merinfo.getter.McFeerateSelQueryGetter">
	<Include id="BankParam" />
	<Fields>
		<Field id="select"  desc="Common.Field.select"  method="None" edittype="checkbox"  datatype="boolean" xpath="" default="true" />
		<Field id="opr"  desc="Common.Field.opr"  method="None" edittype="text" datatype="string" xpath="" />
		
		<Field id="id"      desc="McFeeRateList.Field.id"      status="F" edittype="text" rules="xssSave" datatype="string" readonly="false" require="false" primary="true" type="String" size="15"  default="" xpath="/id"     />
		<Field id="feetype" desc="McFeeRateList.Field.feetype" status="F" edittype="select" rules="xssSave" datatype="string" readonly="true" require="false" primary="true" type="String" size="1"   default="" xpath="/feetype" translated="DATA_DIC.1005"/>
		<Field id="orgid"   desc="McFeeRateList.Field.orgid"   status="F" edittype="select" rules="xssSave" datatype="string" readonly="true" require="false" primary="true" type="String" size="15"  default="" xpath="/orgid"  translated="CQ:allOrgInfoSelect" fieldmap="orgid=minorgid;country=mincountry;paytype=minpaytype" viewField="minidAndName"/>
		
		<Field id="country" desc="McFeeRateList.Field.country" status="F" edittype="select" rules="xssSave" datatype="string" readonly="true" require="false" primary="true" type="String" size="10"  default="" xpath="/country" translated="CQ:allCountrySelect" fieldmap="country=mindataNo" viewField="mindataName"/>
		<Field id="paytype" desc="McFeeRateList.Field.paytype" status="F" edittype="select" rules="xssSave" datatype="string" readonly="false" require="false" primary="true" type="String" size="10"  default="" xpath="/paytype" translated="DATA_DIC.1032"/>
		<Field id="feemode" desc="McFeeRateList.Field.feemode" status="F" edittype="select" rules="xssSave" datatype="string" readonly="true" require="false" primary="true" type="String" size="1"   default="" xpath="/feemode" translated="DATA_DIC.1006"/>
		<Field id="feerate" desc="McFeeRateList.Field.feerate" status="F" edittype="text" rules="xssSave" datatype="string" readonly="true" require="false" primary="true" type="String" size="20"  default="" xpath="/feerate"/>
		<Field id="feemix"  desc="McFeeRateList.Field.feemix"  status="F" edittype="text" rules="xssSave" datatype="string" readonly="true" require="false" primary="true" type="String" size="20"  default="" xpath="/feemix" />
		<Field id="feemax"  desc="McFeeRateList.Field.feemax"  status="F" edittype="text" rules="xssSave" datatype="string" readonly="true" require="false" primary="true" type="String" size="20"  default="" xpath="/feemax" />
		<Field id="status"  desc="McFeeRateList.Field.status"  status="F" edittype="select" rules="xssSave" datatype="string" readonly="false" require="false" primary="true" type="String" size="1"   default="" xpath="/status" translated="DATA_DIC.1000"/>
		<Field id="creid"   desc="Common.Field.creid"   status="F" edittype="text" rules="xssSave" datatype="string" readonly="false" require="false" primary="true" type="String" size="20"  default="" xpath="/creid"  />
		<Field id="cretime" desc="Common.Field.cretime" status="F" edittype="text" rules="xssSave" datatype="string" readonly="false" require="false" primary="true" type="String" size="14"  default="" xpath="/cretime"/>
		<Field id="modid"   desc="Common.Field.modid"   status="F" edittype="text" rules="xssSave" datatype="string" readonly="false" require="false" primary="true" type="String" size="20"  default="" xpath="/modid"  />
		<Field id="modtime" desc="Common.Field.modtime" status="F" edittype="text" rules="xssSave" datatype="string" readonly="false" require="false" primary="true" type="String" size="14"  default="" xpath="/modtime"/>
		<Field id="chkid"   desc="Common.Field.chkid"   status="F" edittype="text" rules="xssSave" datatype="string" readonly="false" require="false" primary="true" type="String" size="20"  default="" xpath="/chkid"  />
		<Field id="chktime" desc="Common.Field.chktime" status="F" edittype="text" rules="xssSave" datatype="string" readonly="false" require="false" primary="true" type="String" size="14"  default="" xpath="/chktime"/>
		
		<Field id="mermapid"      desc=""      status="F" edittype="text" rules="xssSave" datatype="string" readonly="false" require="false" primary="true" type="String" size="30"  default="" xpath="/mermapid"/>
	</Fields>
	<Where>
	</Where>
	<Operations>
		<Button id="btSave" name="btSave" desc="Common.Button.btSave" operation="asysubmit" url="#" 
				updateClass="com.huateng.hsbc.update.McMerinfoUpdate" show="" group="" txn="" icon="icon-save" />
		<Button id="btBack" name="btBack" desc="Common.Button.btBack" operation="" url="#"
			show="" group="" txn="" icon="icon-back" />
	</Operations>
</CommQry>