<?xml version="1.0" encoding="UTF-8"?>
<CommQry title="商户信息列表" type="call" interface="true" navigate=""
	pagesize="10" async="true" databusid="" transdataactionurl="/trans/TransDataAction.do"
	getterclassname="com.huateng.hsbc.orginfo.getter.McOrgInfoSelectGetter">
	<Include id="BankParam" />
	<Fields>
		<Field id="select"  desc="Common.Field.select"  method="None" edittype="checkbox" datatype="boolean" xpath="" />
		<Field id="opr"  desc="Common.Field.opr"  method="None" edittype="text" datatype="string" xpath="" />
		
		<Field id="id"      desc="OrgInfoList.Field.id"      status="F" edittype="text" rules="xssSave" datatype="string" readonly="false" primary="true" type="String" size="15"  default="" xpath="/id"      />
		<Field id="orgname" desc="OrgInfoList.Field.orgname" status="F" edittype="text" rules="xssSave" datatype="string" readonly="false" primary="true" type="String" size="500" default="" xpath="/orgname" require="true"/>
		<Field id="orgnm"   desc="OrgInfoList.Field.orgnm"   status="F" edittype="text" rules="xssSave" datatype="string" readonly="false" primary="true" type="String" size="200" default="" xpath="/orgnm" require="true"/>
		
		<Field id="orgtype" desc="OrgInfoList.Field.orgtype" status="F" edittype="select" rules="xssSave" datatype="string" readonly="false" primary="true" type="String" size="2"   default="" xpath="/orgtype" translated="DATA_DIC.1001"/>
		<Field id="creid"   desc="Common.Field.creid"   status="F" edittype="text" rules="xssSave" datatype="string" readonly="false" primary="true" type="String" size="20"  default="" xpath="/creid"   />
		<Field id="cretime" desc="Common.Field.cretime" status="F" edittype="text" rules="xssSave" datatype="string" readonly="false" primary="true" type="String" size="14"  default="" xpath="/cretime"/>
		<Field id="modid"   desc="Common.Field.modid"   status="F" edittype="text" rules="xssSave" datatype="string" readonly="false" primary="true" type="String" size="20"  default="" xpath="/modid"   />
		<Field id="modtime" desc="Common.Field.modtime" status="F" edittype="text" rules="xssSave" datatype="string" readonly="false" primary="true" type="String" size="14"  default="" xpath="/modtime" />
		<Field id="chkid"   desc="Common.Field.chkid"   status="F" edittype="text" rules="xssSave" datatype="string" readonly="false" primary="true" type="String" size="20"  default="" xpath="/chkid"   />
		<Field id="chktime" desc="Common.Field.chktime" status="F" edittype="text" rules="xssSave" datatype="string" readonly="false" primary="true" type="String" size="14"  default="" xpath="/chktime" />
		<Field id="rejinfo"      desc="McMerinfoList.Field.rejinfo"      status="F" edittype="text" rules="xssSave" datatype="string" readonly="false" primary="true" type="String" size="100" default="" xpath="/rejinfo"/>
		
		<Field id="country"  desc="McPayTypeList.Field.country"  status="F" edittype="select" rules="xssSave" datatype="string" readonly="false" primary="true" type="String" size="12"  default="" xpath="/country" require="false"/>
		
		<Field id="cretimeShow" method="com.huateng.ebank.business.common.CQMethod.getDateUTC" desc="Common.Field.cretime" status="F" edittype="text"  datatype="string" readonly="true" primary="true" type="String" size="14"  default="" xpath="/cretime"/>
		<Field id="modtimeShow" method="com.huateng.ebank.business.common.CQMethod.getDateUTC" desc="Common.Field.modtime" status="F" edittype="text"  datatype="string" readonly="true" primary="true" type="String" size="14"  default="" xpath="/modtime"/>
		<Field id="chktimeShow" method="com.huateng.ebank.business.common.CQMethod.getDateUTC" desc="Common.Field.chktime" status="F" edittype="text"  datatype="string" readonly="true" primary="true" type="String" size="14"  default="" xpath="/chktime"/>
		
		<Field id="status"  	   desc="Common.Field.status"         status="F" edittype="select" rules="xssSave" datatype="string" readonly="false" primary="true" type="String" size="2"   default="" xpath="/status"  translated="DATA_DIC.1000" />
		<Field id="action"  	   desc="Common.Field.action"         status="F" edittype="select" rules="xssSave" datatype="string" readonly="false" primary="true" type="String" size="2"   default="" xpath="/action"  translated="DATA_DIC.1026" />
		<Field id="prostatus"  	   desc="Common.Field.prostatus"      status="F" edittype="select" rules="xssSave" datatype="string" readonly="false" primary="true" type="String" size="1"   default="" xpath="/prostatus"  translated="DATA_DIC.501" />
	</Fields>
	<Where>
		<TextBox id="qid" desc="OrgInfoList.Field.id" edittype="text" status="F"
			datatype="string" size="20" index="0" />
		<TextBox id="qorgname" desc="OrgInfoList.Field.orgname" edittype="text" status="F"
			datatype="string" size="20" index="1" />
		<Option id="qstatus" desc="OrgInfoList.Field.status" edittype="select" status="F"
			translated="DATA_DIC.100002" datatype="string" size="20" index="2" />
		</Where>
	<Operations>
		<Button id="btAdd" name="btAdd" desc="Common.Button.btAdd" operation="" url="#"
			show="" group="" txn="" icon="icon-add" />
		<Button id="btMod" name="btMod" desc="Common.Button.btMod" operation="" url="#"
			show="" group="" txn="" icon="icon-edit" />
	</Operations>
</CommQry>