<?xml version="1.0" encoding="UTF-8"?>
<CommQry title="商户信息列表" type="call" interface="true" navigate=""
	pagesize="1000" async="true" databusid="" transdataactionurl="/trans/TransDataAction.do"
	getterclassname="com.huateng.hsbc.orginfo.getter.McPayTypeTmpGetter">
	<Include id="BankParam" />
	<Fields>
		<Field id="select"         desc="Common.Field.select"                method="None" edittype="checkbox" datatype="boolean" xpath="" />	 
		<Field id="id"             desc="McPayTypeList.Field.id"            status="F" edittype="text" rules="xssSave" datatype="string" readonly="false" primary="true" type="String" size="30"   default="" xpath="/id"       />
		<Field id="orgid"          desc="McPayTypeList.Field.orgid"          status="F" edittype="text" rules="xssSave" datatype="string" readonly="false" primary="true" type="String" size="15"   default="" xpath="/orgid"    />
		<Field id="payflag"        desc="McPayTypeList.Field.payflag"        status="F" edittype="select" rules="xssSave" datatype="string" readonly="false" primary="true" type="String" size="1"    default="" xpath="/payflag" translated="DATA_DIC.1002"/>
		<Field id="paytype"        desc="McPayTypeList.Field.paytype"        status="F" edittype="select" rules="xssSave" datatype="string" readonly="false" primary="true" type="String" size="50"   default="" xpath="/paytype"  require="true" translated="DATA_DIC.1032"/>
		<Field id="paychl"         desc="McPayTypeList.Field.paychl"         status="F" edittype="text" rules="xssSave" datatype="string" readonly="false" primary="true" type="String" size="20"   default="" xpath="/paychl"   />
		<Field id="paychlnm"       desc="McPayTypeList.Field.paychlnm"       status="F" edittype="text" rules="xssSave" datatype="string" readonly="false" primary="true" type="String" size="256"  default="" xpath="/paychlnm" />
		<Field id="partner"        desc="McPayTypeList.Field.partner"        status="F" edittype="text" rules="xssSave" datatype="string" readonly="false" primary="true" type="String" size="20"   default="" xpath="/partner"  />
		<Field id="partnernm"      desc="McPayTypeList.Field.partnernm"      status="F" edittype="text" rules="xssSave" datatype="string" readonly="false" primary="true" type="String" size="256"  default="" xpath="/partnernm"/>
		<Field id="country"        desc="McPayTypeList.Field.country"        status="F" edittype="select" rules="xssSave" datatype="string" readonly="false" primary="true" type="String" size="10"   default="" xpath="/country"  require="true"/>
			
		<Field id="creid"   	   desc="Common.Field.creid"            status="F" edittype="text" rules="xssSave" datatype="string" readonly="false" primary="true" type="String" size="20"  default="" xpath="/creid"   />
		<Field id="cretime"        desc="Common.Field.cretime"          status="F" edittype="text" rules="xssSave" datatype="string" readonly="false" primary="true" type="String" size="14"  default="" xpath="/cretime" />
		<Field id="modid"          desc="Common.Field.modid"            status="F" edittype="text" rules="xssSave" datatype="string" readonly="false" primary="true" type="String" size="20"  default="" xpath="/modid"   />
		<Field id="modtime"        desc="Common.Field.modtime"          status="F" edittype="text" rules="xssSave" datatype="string" readonly="false" primary="true" type="String" size="14"  default="" xpath="/modtime" />
		<Field id="chkid"          desc="Common.Field.chkid"            status="F" edittype="text" rules="xssSave" datatype="string" readonly="false" primary="true" type="String" size="20"  default="" xpath="/chkid"   />
		<Field id="chktime"        desc="Common.Field.chktime"          status="F" edittype="text" rules="xssSave" datatype="string" readonly="false" primary="true" type="String" size="14"  default="" xpath="/chktime" />
		
		<Field id="status"  	   desc="Common.Field.status"         status="F" edittype="select" rules="xssSave" datatype="string" readonly="false" primary="true" type="String" size="2"   default="" xpath="/status"  translated="DATA_DIC.1000" />
		<Field id="action"  	   desc="Common.Field.action"         status="F" edittype="select" rules="xssSave" datatype="string" readonly="false" primary="true" type="String" size="2"   default="" xpath="/action"  translated="DATA_DIC.1026" />
		<Field id="prostatus"  	   desc="Common.Field.prostatus"      status="F" edittype="select" rules="xssSave" datatype="string" readonly="false" primary="true" type="String" size="1"   default="" xpath="/prostatus"  translated="DATA_DIC.501" />
	</Fields>
	<Where>	
	</Where>
	<Operations>
		<Button id="btAdd" name="btAdd" desc="Common.Button.btAdd" operation="addrecord" url="#"
			show="" group="" txn="" icon="icon-add" />
		<Button id="btDel" name="btDel" desc="Common.Button.btDel" operation="delrecord" url="#"
			show="" group="" txn="" icon="icon-remove" />
			
		<Button id="btSave" name="btSave" desc="Common.Button.btSave" operation="asysubmit" url="#" updateClass="com.huateng.hsbc.update.McPayTypeUpdate"
			show="" group="" txn="" icon="icon-save" />
		<Button id="btBack" name="btBack" desc="Common.Button.btBack" operation="" url="#"
			show="" group="" txn="" icon="icon-back" />
		<Button id="btApprove" desc="Common.Button.btApprove" operation="asysubmit" icon="icon-ok"
			url="#" updateClass="com.huateng.hsbc.update.McOrgInfoCheckSingleUpdate" />
		<Button id="btReject" desc="Common.Button.btReject" operation="asysubmit" icon="icon-no"
			url="#" updateClass="com.huateng.hsbc.update.McOrgInfoCheckSingleUpdate" />
	</Operations>
</CommQry>