<?xml version="1.0"?>
<!DOCTYPE hibernate-mapping PUBLIC
    "-//Hibernate/Hibernate Mapping DTD//EN"
    "http://hibernate.sourceforge.net/hibernate-mapping-3.0.dtd" >
<hibernate-mapping package="resource.bean.hf">
	<class name="McTxnVn" table="MC_TXN_VN">
		<composite-id name="key" class="McTxnKey">
			<key-property name="merid" column="MERID" type="string"/>
			<key-property name="orderno" column="ORDERNO" type="string"/>
		</composite-id>
		
		<property column="MERNM"      name="mernm"      type="string" />
		<property column="COUNTRY"    name="country"    type="string" />
		<property column="ORGID"      name="orgid"      type="string" />
		<property column="PAYTYPE"    name="paytype"      type="string" />
		<property column="TXNDATE"    name="txndate"    type="string" />
		<property column="RCVTIME"    name="rcvtime"    type="string" />
		<property column="REQTIME"    name="reqtime"    type="string" />
		<property column="TXNTIME"    name="txntime"    type="string" />
		<property column="BROWSERINFO" name="browserinfo" type="string" />
		<property column="PMTSTATUS" name="pmtstatus"   type="string" />
		<property column="PMTCHAN" 		name="pmtchan"   type="string" />
		<property column="CHANRESPCODE" name="chanrespcode" type="string" />
		<property column="CHANRESPDESC" name="chanrespdesc" type="string" />
		<property column="SCHEMECODE" name="schemecode" type="string" />
		<property column="PROCESSBY" name="processby" 	type="string" />
		<property column="APRVCODE" name="aprvcode" 	type="string" />
		<property column="MASKEDPAN" name="maskedpan" 	type="string" />
		<property column="ECI"		 name="eci" 		type="string" />
		<property column="PAIDAGENT" name="paidagent" 	type="string" />
		<property column="PAIDCHN" name="paidchn" 		type="string" />
		<property column="TXNCRY"     name="txncry"     type="string" />
		<property column="TXNAMT"     name="txnamt"     type="big_decimal" />
		<property column="AGTFEE"     name="agtfee"     type="big_decimal" />
		<property column="HSBCFEE"    name="hsbcfee"    type="big_decimal" />
		<property column="VATAMT"     name="vatamt"     type="big_decimal" />
		<property column="LANG"       name="lang"     	type="string" />
		<property column="FRONTURL"   name="fronturl"   type="string" />
		<property column="NOTIFYURL"  name="notifyurl"  type="string" />
		<property column="PMTOPTION"  name="pmtoption"  type="string" />
		<property column="EXPIRY"  	  name="expiry"     type="string" />	
		<property column="CUSTEMAIL"  name="custemail"  type="string" />
		<property column="DESCRIPTION" name="description" type="string" />
		<property column="STATUS"  	  name="status"  	type="string" />
		<property column="CARDTYPE"   name="cardtype"   type="string" />
		<property column="CARDNO"     name="cardno"     type="string" />
		<property column="RMK"        name="rmk"        type="string" /> 	
		<property column="RSV1"       name="rsv1"       type="string" />
		<property column="RSV2"       name="rsv2"       type="string" />
		<property column="RSV3"       name="rsv3"       type="string" />
		<property column="RSV4"       name="rsv4"       type="string" />
		<property column="RSV5"       name="rsv5"       type="string" />
		<property column="RSV6"       name="rsv6"       type="string" />
		<property column="RSV7"       name="rsv7"       type="string" />
		<property column="RSV8"       name="rsv8"       type="string" />
		<property column="RSV9"       name="rsv9"       type="string" />
		<property column="RSV10"      name="rsv10"      type="string" />
		<property column="BATCHNO"    name="batchno"    type="string" />
		<property column="INVOICENO"  name="invoiceno"  type="string" />
		<property column="PMTTYPE" 		name="pmttype"   type="string" />
		<property column="CHKSTATUS" 		name="chkstatus"   type="string" />
		<property column="CHKHUBSTATUS"     name="chkhubstatus"   type="string" />
		<property column="CHKHUBDATE"     name="chkhubdate"   type="string" />
		<property column="PAYMENTDATETIME"     name="paymentdatetime"   type="string" />
		<property column="PMTCHAN_RET"     name="pmtchan_ret"   type="string" />
		
		<property column="REFID"     name="refid"   type="string" />
		<property column="BILLINGNO"    name="billingno"     type="string" />
		
		<property column="PAYMENTCODE"    name="paymentcode"     type="string" />
	</class>
</hibernate-mapping>