<?xml version="1.0" encoding="UTF-8"?>
<CommQry title="商户信息列表" type="call" interface="true" navigate=""
	pagesize="10" async="true" databusid="" transdataactionurl="/trans/TransDataAction.do"
	getterclassname="com.huateng.hsbc.merinfo.getter.McMerinfoGetter">
	<Include id="BankParam" />
	<Fields>
		<Field id="select"  desc="Common.Field.select"  method="None" edittype="checkbox" datatype="boolean" xpath="" />
		<Field id="opr"  	desc="Common.Field.opr"  	method="None" edittype="text" 	  datatype="string" xpath="" />
		
		<Field id="id"      	 desc="ID"       	                     status="F" edittype="text" rules="xssSave" datatype="string" readonly="false" primary="true" type="String" size="30" default="" xpath="/id" require="false"/>
		<Field id="merid"      	 desc="McMerinfoList.Field.merid"       	 status="F" edittype="text" rules="xssSave" datatype="string" readonly="false" primary="true" type="String" size="15" default="" xpath="/merid" require="false"/>
		<Field id="custid"       desc="McMerinfoList.Field.custid"       status="F" edittype="text" rules="isNumAndChar" errmsg="Number and Alphabet only" datatype="string" readonly="false" primary="true" type="String" size="13" default="" xpath="/custid" require="true"/>     
		<Field id="mertype"      desc="McMerinfoList.Field.mertype"     require="true" status="F" edittype="select" rules="xssSave" datatype="string" readonly="false" primary="true" type="String" size="1" default="" xpath="/mertype"  translated="DATA_DIC.1007" editable="false"/> 
		<Field id="supmerid"     desc="McMerinfoList.Field.supmerid"     status="F" edittype="select" rules="xssSave" datatype="string" readonly="false" primary="true" type="String" size="30" default="" xpath="/supmerid"  translated="CQ:allMcMerinfoSelect" fieldmap="supmerid=minmerid" viewField="minidAndName" editable="false"/> 
		<Field id="country"      desc="McMerinfoList.Field.country"    require="true" status="F" edittype="select" rules="xssSave" datatype="string" readonly="true" primary="true" type="String" size="12" default="" xpath="/country"/> 
		<Field id="chlpry"       desc="McMerinfoList.Field.chlpry"       status="F" edittype="select" rules="xssSave" datatype="string" readonly="false" primary="true" type="String" size="2" default="" xpath="/chlpry"    translated="DATA_DIC.1008" editable="false"/> 
		<Field id="merinstry"    desc="McMerinfoList.Field.merinstry"    status="F" edittype="text" rules="xssSave" datatype="string" readonly="false" primary="true" type="String" size="128" default="" xpath="/merinstry"    /> 
		<Field id="meraddr"      desc="McMerinfoList.Field.meraddr"      status="F" edittype="text" rules="xssSave" datatype="string" readonly="false" primary="true" type="String" size="512" default="" xpath="/meraddr"      /> 
		<Field id="mername"      desc="McMerinfoList.Field.mername"      status="F" edittype="text" rules="xssSave" datatype="string" readonly="false" primary="true" type="String" size="512" default="" xpath="/mername"  require="true"/> 
		<Field id="meremail"     desc="McMerinfoList.Field.meremail"     status="F" edittype="textarea" rules="isEmailMany" datatype="string" readonly="false" primary="true" type="String" height="50" width="400" size="2000" default="" xpath="/meremail" colspan="2" errmsg="Please fill in correct E-mail format!" placeholder=""/> 
		<Field id="meracct"      desc="McMerinfoList.Field.meracct"      status="F" edittype="text" rules="isNumber12" datatype="string" readonly="false" primary="true" type="String" size="12" default="" xpath="/meracct"      errmsg="12 digits!"/> 
		<Field id="merfeeacct"   desc="McMerinfoList.Field.merfeeacct"   status="F" edittype="text" rules="isNumber12" datatype="string" readonly="false" primary="true" type="String" size="12" default="" xpath="/merfeeacct"   errmsg="12 digits!"/> 
		<Field id="merurl"       desc="McMerinfoList.Field.merurl"       status="F" edittype="text" rules="isHttpsChar" datatype="string" readonly="false" primary="true" type="String" size="128" default="" xpath="/merurl" errmsg="Please start with https://" /> 
		<Field id="merfeetype"   desc="McMerinfoList.Field.merfeetype"   status="F" edittype="select" rules="xssSave" datatype="string" readonly="false" primary="true" type="String" size="1" default="" xpath="/merfeetype"   translated="DATA_DIC.1009" editable="false" require="false"/> 
		<Field id="merfeecycle"  desc="McMerinfoList.Field.merfeecycle"  status="F" edittype="select" rules="xssSave" datatype="string" readonly="false" primary="true" type="String" size="1" default="" xpath="/merfeecycle"  translated="DATA_DIC.1010" editable="false" require="false"/> 
		<Field id="merfeedate"   desc="McMerinfoList.Field.merfeedate"   status="F" edittype="select" rules="xssSave" datatype="string" readonly="false" primary="true" type="String" size="2" default="" xpath="/merfeedate" require="false" translated="DATA_DIC.1018" editable="false"/> 
		<Field id="chlfeetype"   desc="McMerinfoList.Field.chlfeetype"   status="F" edittype="select" rules="xssSave" datatype="string" readonly="false" primary="true" type="String" size="1" default="" xpath="/chlfeetype"   translated="DATA_DIC.1009" /> 
		<Field id="chlfeecycle"  desc="McMerinfoList.Field.chlfeecycle"  status="F" edittype="select" rules="xssSave" datatype="string" readonly="false" primary="true" type="String" size="1" default="" xpath="/chlfeecycle"  translated="DATA_DIC.1010" require="false"/> 
		<Field id="chlfeedate"   desc="McMerinfoList.Field.chlfeedate"   status="F" edittype="select" rules="xssSave" datatype="string" readonly="false" primary="true" type="String" size="2" default="" xpath="/chlfeedate" require="false" translated="DATA_DIC.1018" editable="false"/> 
		<Field id="custsvremail" desc="McMerinfoList.Field.custsvremail" status="F" edittype="text" rules="xssSave" datatype="string" readonly="false" primary="true" type="String" size="600" default="" xpath="/custsvremail" /> 
		<Field id="custmail"     desc="McMerinfoList.Field.custmail"     status="F" edittype="text" rules="xssSave" datatype="string" readonly="false" primary="true" type="String" size="600" default="" xpath="/custmail"     /> 
		<Field id="dtltype"      desc="McMerinfoList.Field.dtltype"      status="F" edittype="select" rules="xssSave" datatype="string" readonly="false" primary="true" type="String" size="100 " default="" xpath="/dtltype" translated="DATA_DIC.1012" editable="false"/>
		<Field id="dtltime"      desc="McMerinfoList.Field.dtltime"      status="F" edittype="text" rules="timeMany" datatype="string" readonly="false" primary="true" type="String" size="64" default="" xpath="/dtltime"  placeholder="HH:mm,HH:mm,…" require="false" errmsg="Input Error"/> 
		<Field id="rptype"      desc="McMerinfoList.Field.rptype"      status="F" edittype="checkbox" rules="xssSave" datatype="string" readonly="false" primary="true" type="String" size="100" default="" xpath="/rptype"  translated="DATA_DIC.1014" require="true" /> 
		<Field id="rpfmt"        desc="McMerinfoList.Field.rpfmt"        status="F" edittype="checkbox"  rules="xssSave" datatype="string" readonly="false" primary="true" type="String" size="50" default="" xpath="/rpfmt"  translated="DATA_DIC.1013" require="true" /> 
		  
		<Field id="creid"   	 desc="Common.Field.creid"   status="F" edittype="text" rules="xssSave" datatype="string" readonly="false" primary="true" type="String" size="20"  default="" xpath="/creid"   />
		<Field id="cretime" 	 desc="Common.Field.cretime" status="F" edittype="text" rules="xssSave" datatype="string" readonly="false" primary="true" type="String" size="19"  default="" xpath="/cretime" />
		<Field id="modid"   	 desc="Common.Field.modid"   status="F" edittype="text" rules="xssSave" datatype="string" readonly="false" primary="true" type="String" size="20"  default="" xpath="/modid"   />
		<Field id="modtime" 	 desc="Common.Field.modtime" status="F" edittype="text" rules="xssSave" datatype="string" readonly="false" primary="true" type="String" size="19"  default="" xpath="/modtime" />
		<Field id="chkid"   	 desc="Common.Field.chkid"   status="F" edittype="text" rules="xssSave" datatype="string" readonly="false" primary="true" type="String" size="20"  default="" xpath="/chkid"   />
		<Field id="chktime" 	 desc="Common.Field.chktime" status="F" edittype="text" rules="xssSave" datatype="string" readonly="false" primary="true" type="String" size="19"  default="" xpath="/chktime" />
		<Field id="rejinfo"      desc="McMerinfoList.Field.rejinfo"      status="F" edittype="text" rules="xssSave" datatype="string" readonly="false" primary="true" type="String" size="100" default="" xpath="/rejinfo"      /> 
		<Field id="nextdate"     desc="McMerinfoList.Field.nextdate"     status="F" edittype="date" rules="xssSave" datatype="date" readonly="false" primary="true" type="String" size="14" default="" xpath="/nextdate"     /> 
		<Field id="remark"       desc="McMerinfoList.Field.remark"       status="F" edittype="text" rules="xssSave" datatype="string" readonly="false" primary="true" type="String" size="200" default="" xpath="/remark"       /> 
		
		<Field id="credate"   	 desc="McMerinfoList.Field.credate"   status="F" edittype="text" rules="xssSave" datatype="string" readonly="false" primary="true" type="String" size="20"  default="" xpath="/credate"   />
		
		<Field id="acctcur"          desc="McMerinfoList.Field.acctcur"              status="F" edittype="select" rules="xssSave" datatype="string" readonly="false" primary="true" type="String" size="30"  xpath="/acctcur" translated="CQ:MoneyKindSelect" multiple="false" fieldmap="acctcur=dataNo" viewField="dataName" editable="false"/> 
		<Field id="sharedkey"        desc="McMerinfoList.Field.sharedkey"            status="F" edittype="text" rules="xssSave" datatype="string" readonly="false" primary="true" type="String" size="100" require="false"  xpath="/sharedkey"/> 
		<Field id="aggregator"       desc="McMerinfoList.Field.aggregator"           status="F" edittype="select" rules="xssSave" datatype="string" readonly="false" primary="true" type="String" size="15" xpath="/aggregator" translated="CQ:allOrgInfoSelectTwo" fieldmap="aggregator=minorgid" viewField="minidAndName" editable="false" require="false" />
		<Field id="deliverych"       desc="McMerinfoList.Field.deliverych"           status="F" edittype="checkbox" rules="xssSave" datatype="string" readonly="false" primary="true" type="String" size="5"  xpath="/deliverych"  translated="DATA_DIC.1017" require="true"/>
		<Field id="contactname"      desc="McMerinfoList.Field.contactname"          status="F" edittype="text" rules="xssSave" datatype="string" readonly="false" primary="true" type="String" size="50" xpath="/contactname"   />
		<Field id="contactinfo"      desc="McMerinfoList.Field.contactinfo"          status="F" edittype="text" rules="xssSave" datatype="string" readonly="false" primary="true" type="String" size="200" xpath="/contactinfo"   />
		<Field id="proxytype"        desc="McMerinfoList.Field.proxytype"            status="F" edittype="select" rules="xssSave" datatype="string" readonly="false" primary="true" type="String" size="5"  xpath="/proxytype"  translated="DATA_DIC.1019" editable="false"/>
		<Field id="proxyid"          desc="McMerinfoList.Field.proxyid"              status="F" edittype="text" rules="xssSave" datatype="string" readonly="false" primary="true" type="String" size="34" xpath="/proxyid"       />
		<Field id="channel"          desc="McMerinfoList.Field.channel"              status="F" edittype="checkbox" rules="xssSave" datatype="string" readonly="false" primary="true" type="String" size="50" xpath="/channel"  translated="DATA_DIC.1020"/>
		<Field id="commerceid"       desc="McMerinfoList.Field.commerceid"           status="F" edittype="text" rules="isNumAndChar" errmsg="Number and Alphabet only" datatype="string" readonly="false" primary="true" type="String" size="6" xpath="/commerceid"    />
		<Field id="posid"            desc="McMerinfoList.Field.posid"                status="F" edittype="text" rules="isNumAndChar" errmsg="Number and Alphabet only" datatype="string" readonly="false" primary="true" type="String" size="6" xpath="/posid"         />
		<Field id="posname"          desc="McMerinfoList.Field.posname"              status="F" edittype="text" rules="xssSave" datatype="string" readonly="false" primary="true" type="String" size="30" xpath="/posname"       />
		<Field id="paymeid"          desc="McMerinfoList.Field.paymeid"              status="F" edittype="text" rules="isNumAndChar" errmsg="Number and Alphabet only" datatype="string" readonly="false" primary="true" type="String" size="6" xpath="/paymeid"       />
		<Field id="billpid"          desc="McMerinfoList.Field.billpid"              status="F" edittype="text" rules="isNumAndChar" errmsg="Number and Alphabet only" datatype="string" readonly="false" primary="true" type="String" size="6" xpath="/billpid"       />
		<Field id="billpmode"        desc="McMerinfoList.Field.billpmode"            status="F" edittype="radio" rules="xssSave" datatype="string" readonly="false" primary="true" type="String" size="10" xpath="/billpmode"  translated="DATA_DIC.1021" />
		<Field id="billpproxytype"   desc="McMerinfoList.Field.billpproxytype"       status="F" edittype="select" rules="xssSave" datatype="string" readonly="false" primary="true" type="String" size="4"  xpath="/billpproxytype" translated="DATA_DIC.1019" editable="false"/>
		<Field id="billpproxyid"     desc="McMerinfoList.Field.billpproxyid"         status="F" edittype="text" rules="xssSave" datatype="string" readonly="false" primary="true" type="String" size="34" xpath="/billpproxyid"  />
				
		<Field id="rsv1"        desc="McMerinfoList.Field.rsv1"         status="F" edittype="text" rules="xssSave" datatype="string" readonly="false" primary="true" type="String" size="20" default="" xpath="/rsv1"         /> 
		<Field id="rsv2"         desc="McMerinfoList.Field.rsv2"         status="F" edittype="text" rules="xssSave" datatype="string" readonly="false" primary="true" type="String" size="60" default="" xpath="/rsv2"         /> 
		<Field id="rsv3"         desc="McMerinfoList.Field.rsv3"         status="F" edittype="text" rules="xssSave" datatype="string" readonly="false" primary="true" type="String" size="60" default="" xpath="/rsv3"         /> 
		<Field id="rsv4"         desc="McMerinfoList.Field.rsv4"         status="F" edittype="text" rules="xssSave" datatype="string" readonly="false" primary="true" type="String" size="120" default="" xpath="/rsv4"         /> 
		<Field id="rsv5"         desc="McMerinfoList.Field.rsv5"         status="F" edittype="text" rules="xssSave" datatype="string" readonly="false" primary="true" type="String" size="200" default="" xpath="/rsv5"         /> 
		<Field id="rsv6"         desc="McMerinfoList.Field.rsv6"         status="F" edittype="text" rules="xssSave" datatype="string" readonly="false" primary="true" type="String" size="500" default="" xpath="/rsv6"         />
		<Field id="hsbcnetid"         desc="McMerinfoList.Field.hsbcnetid"         status="F" edittype="text" rules="isNumAndChar12_18" datatype="string" readonly="false" primary="true" type="String" size="18" default="" xpath="/hsbcnetid" errmsg="Between 12-18 characters"/>
		<Field id="connectid"         desc="McMerinfoList.Field.connectid"         status="F" edittype="text" rules="isNumAndChar11" datatype="string" readonly="false" primary="true" type="String" size="11" default="" xpath="/connectid" errmsg="Must be 11 characters"/>	                                                                                                                                                                                                                              	
		<Field id="texthour"   desc="时" size="2" xpath="" />
		<Field id="textminute" desc="分" size="2" xpath="" />
		
		<Field id="status"  	   desc="Common.Field.status"         status="F" edittype="select" rules="xssSave" datatype="string" readonly="false" primary="true" type="String" size="2"   default="" xpath="/status"  translated="DATA_DIC.1000" />
		<Field id="action"  	   desc="Common.Field.action"         status="F" edittype="select" rules="xssSave" datatype="string" readonly="false" primary="true" type="String" size="2"   default="" xpath="/action"  translated="DATA_DIC.1026" />
		<Field id="prostatus"  	   desc="Common.Field.prostatus"      status="F" edittype="select" rules="xssSave" datatype="string" readonly="false" primary="true" type="String" size="1"   default="" xpath="/prostatus"  translated="DATA_DIC.501" />
		
		<Field id="cretimeShow" method="com.huateng.ebank.business.common.CQMethod.getDateUTC" desc="Common.Field.cretime" status="F" edittype="text"  datatype="string" readonly="true" primary="true" type="String" size="14"  default="" xpath="/cretime"/>
		<Field id="modtimeShow" method="com.huateng.ebank.business.common.CQMethod.getDateUTC" desc="Common.Field.modtime" status="F" edittype="text"  datatype="string" readonly="true" primary="true" type="String" size="14"  default="" xpath="/modtime"/>
		<Field id="chktimeShow" method="com.huateng.ebank.business.common.CQMethod.getDateUTC" desc="Common.Field.chktime" status="F" edittype="text"  datatype="string" readonly="true" primary="true" type="String" size="14"  default="" xpath="/chktime"/>			
		<Field id="clientid"            desc="McMerinfoList.Field.cerid"                status="F" edittype="text" rules="xssSave" datatype="string" readonly="false" primary="true" type="String" size="60" xpath="/clientid"         />
	
		<Field id="debtorname"  desc="McMerinfoList.Field.debtorname"  status="F" edittype="select" rules="xssSave" datatype="string" readonly="false" primary="true" type="String" size="1" default="" xpath="/debtorname"  translated="DATA_DIC.1027" />
		<Field id="permnetid"  desc="McMerinfoList.Field.permnetid"  status="F" edittype="text" rules="isNum" datatype="string" readonly="false" primary="true" type="String" size="10" default="" xpath="/permnetid"  errmsg="digits!" />
	
		<Field id="channelsg"  desc="McMerinfoList.Field.channel"  status="F" edittype="checkbox" rules="xssSave" datatype="string" readonly="false" primary="true" type="String" size="50" xpath="/channel"  translated="DATA_DIC.1029" require="false"/>
	
		<Field id="meracctmq"      desc="McMerinfoList.Field.meracct"      status="F" edittype="select" rules="xssSave" datatype="string" readonly="false" primary="true" type="String" size="12" default="" xpath="/meracct"      translated="CQ:AccountMqSelect"  fieldmap="meracctmq=minacc;meracct=minacc;acctcur=mincur" viewField="minshow" editable="false" />
		<Field id="merfeeacctmq"   desc="McMerinfoList.Field.merfeeacct"   status="F" edittype="select" rules="xssSave" datatype="string" readonly="false" primary="true" type="String" size="12" default="" xpath="/merfeeacct"   translated="CQ:AccountMqSelect"  fieldmap="merfeeacctmq=minacc;merfeeacct=minacc" viewField="minshow" editable="false" />
		
	
		<Field id="meracctsg"      desc="McMerinfoList.Field.meracct"      status="F" edittype="text" rules="isNumber12" datatype="string" readonly="false" primary="true" type="String" size="12" default="" xpath="/meracct"      errmsg="12 digits!"/> 
		<Field id="merfeeacctsg"   desc="McMerinfoList.Field.merfeeacct"   status="F" edittype="text" rules="isNumber12" datatype="string" readonly="false" primary="true" type="String" size="12" default="" xpath="/merfeeacct"   errmsg="12 digits!"/> 
		
		<Field id="regincr"  desc="McMerinfoList.Field.regincr"  status="F" edittype="select" rules="xssSave" datatype="string" readonly="false" primary="true" type="String" size="1" default="" xpath="/regincr"  translated="DATA_DIC.1027" />
	
		<Field id="posnamehk"          desc="McMerinfoList.Field.posname"              status="F" edittype="select" rules="xssSave" datatype="string" readonly="false" primary="true" type="String" size="30" xpath="/posname"  translated="CQ:PosVendorNameSelect" fieldmap="posnamehk=minposname;posname=minposname" viewField="minposname" editable="false" />
		<Field id="posnamesg"          desc="McMerinfoList.Field.posname"              status="F" edittype="select" rules="xssSave" datatype="string" readonly="false" primary="true" type="String" size="30" xpath="/posname"  translated="CQ:PosVendorNameSelect" fieldmap="posnamesg=minposname;posname=minposname" viewField="minposname" editable="false" />
		<Field id="meridid"      	 desc="McMerinfoList.Field.merid"       	 status="F" edittype="text" rules="isNumAndChar0_5" datatype="string" readonly="false" primary="true" type="String" size="5" default="" xpath="/merid" require="false" errmsg="Maximum 5 characters"/>
		<Field id="applystatus"      	 desc="McMerinfoList.Field.applystatus"       	 status="F" edittype="text" datatype="string" readonly="false" primary="true" type="String" size="1" default="" xpath="/applystatus" require="false" />
		<Field id="billpacct"      desc="McMerinfoList.Field.billpacct"      status="F" edittype="text" rules="isNumber12" datatype="string" readonly="false" primary="true" type="String" size="12" default="" xpath="/billpacct" errmsg="12 digits!"/>
		<Field id="cerbindstatus"      	 desc="Common.Field.status"       	 status="F" edittype="select" datatype="string" readonly="false" primary="true" type="String" size="10" default="" xpath="/cerbindstatus" require="false" translated="DATA_DIC.2091"  />
	</Fields>
	<Where>
		<TextBox id="qmerid" desc="McMerinfoList.Field.merid" edittype="text" status="F"
			datatype="string" size="30" index="0" />
		<TextBox id="qcustid" desc="McMerinfoList.Field.custid" edittype="text" status="F"
			datatype="string" size="30" index="1" />
		<Option id="qmertype" desc="McMerinfoList.Field.mertype" edittype="select" status="F"
			translated="DATA_DIC.1007" datatype="string" size="1" index="2" />
		<TextBox id="qmername" desc="McMerinfoList.Field.mername" edittype="text" status="F"
			datatype="string" size="128" index="3" />
		<Option id="qstatus" desc="McMerinfoList.Field.status" edittype="select" status="F"
			translated="DATA_DIC.100001" datatype="string" size="2" index="4" />
		<TextBox id="qsupmerid" desc="McMerinfoList.Field.supmerid" edittype="text" status="F"
			datatype="string" size="30" index="5" />
		<TextBox id="qsettlaccount" desc="McMerinfoList.Field.qsettlaccount" edittype="text" status="F"
			datatype="string" size="30" index="6" />
	</Where>
	<Operations>
		<Button id="btAdd" name="btAdd" desc="Common.Button.btAdd" operation="" url="#"
			show="" group="" txn="" icon="icon-add" />
		<Button id="btDel" name="btDel" desc="Common.Button.btDel" operation="asysubmit" url="#" 
				updateClass="com.huateng.hsbc.update.McMerinfoDelUpdate" show="" group="" txn="" icon="icon-delete" />
		<Button id="btConfirm" name="btConfirm" desc="Common.Button.btConfirm" operation="" url="#"
			show="" group="" txn="" icon="icon-add" />
		<Button id="btCancel" name="btCancel" desc="Common.Button.btCancel" operation="" url="#"
			show="" group="" txn="" icon="icon-cancel" />
		<Button id="btnUpload" name="btnUpload" desc="Common.Button.upload" url="#"
			show="" group="" txn="" icon="icon-upload" />
		<Button id="btnDownload" name="btnUpload" desc="Common.Button.download" url="#"
			show="" group="" txn="" icon="icon-download" />
	</Operations>
</CommQry>