<?xml version="1.0" encoding="UTF-8"?>
<CommQry title="HUB计费信息维护" type="call" interface="true" navigate=""
	pagesize="10" async="true" databusid="" transdataactionurl="/trans/TransDataAction.do"
	getterclassname="com.huateng.hsbc.getter.McHubfeeGetter">
	<Include id="BankParam" />
	<Fields>
		<Field id="select" desc="McHubfeeList.Field.select" method="None" edittype="checkbox" datatype="boolean" xpath="" />
		<Field id="merid" desc="McHubfeeList.Field.merid" status="F" require="false" edittype="text" rules="xssSave" datatype="string" readonly="false" xpath="/merid" size="30" />
		<Field id="mername" desc="McHubfeeCheckList.Field.mername" status="F" require="false" edittype="text" rules="xssSave" datatype="string" readonly="false" xpath="/mername" size="120" />
		<Field id="custid" desc="McHubfeeCheckList.Field.custid" status="F" require="false" edittype="text" rules="xssSave" datatype="string" readonly="false" xpath="/custid" size="20" />
		<Field id="merfeeacct" desc="McHubfeeCheckList.Field.acctno" status="F" require="false" edittype="text" rules="xssSave" datatype="string" readonly="false" xpath="/merfeeacct" size="32" />
		<Field id="trandate" desc="McHubfeeList.Field.trandate"  status="F" require="false" edittype="text" rules="xssSave" datatype="string" readonly="false" xpath="/trandate" size="8" method="com.huateng.ebank.business.common.CQMethod.ConversionUTCTime" />
		<Field id="acctcur" desc="McHubfeeCheckList.Field.curcd" status="F" require="false" edittype="text" rules="xssSave" datatype="string" readonly="false" xpath="/acctcur" size="3" />		
		<Field id="feeamt" desc="McHubfeeList.Field.feeamt" status="F" require="false" edittype="text" rules="xssSave" datatype="string" readonly="false" xpath="/feeamt" size="20" />
		<Field id="feetype" desc="McHubfeeList.Field.feetype" status="F" require="false" edittype="select" rules="xssSave" datatype="string" readonly="false" primary="true" default="" xpath="/feetype" size="10" translated="DATA_DIC.1005" />
		<Field id="status" desc="McHubfeeList.Field.status" status="F" require="false" edittype="select" rules="xssSave" datatype="string" readonly="false" xpath="/statusDesc" size="10"/>
		<Field id="tranno" desc="McHubfeeCheckList.Field.traceno" status="N" require="false" edittype="text" rules="xssSave" datatype="string" readonly="false" xpath="/tranno" size="16" />	
	</Fields>
	<Where>
		<DateTextBox id="qstartdate" desc="McHubfeeList.Where.qstartdate" edittype="text" status="F" datatype="date" size="8" index="0" />
		<DateTextBox id="qenddate" desc="McHubfeeList.Where.qenddate" edittype="text" status="F" datatype="date" size="8" index="1" />
		<TextBox id="qmerid" desc="McHubfeeList.Where.qmerid" edittype="text" status="F"  datatype="string" size="15" index="2" />
	</Where>
	<Operations>
		<Button id="btMod" name="btMod" desc="McHubfeeList.Operations.btMod" operation="asysubmit" url="#"
				updateClass="com.huateng.hsbc.update.McHubFeeUpdate" show="" group="" txn="" icon="icon-edit" />
	</Operations>
</CommQry>