<?xml version="1.0" encoding="UTF-8"?>
<!DOCTYPE beans PUBLIC "-//SPRING//DTD BEAN 2.0//EN" "http://www.springframework.org/dtd/spring-beans-2.0.dtd">
<beans>
	<!-- operation -->
	<bean id="com.huateng.hsbc.operation.McPayTypeOperation" class="com.huateng.hsbc.operation.McOrgInfoOperation">
		<property name="mcOrgInfoVaildService" ref="com.huateng.hsbc.service.McOrgInfoVaildService"></property>
	</bean>
	<bean id="com.huateng.hsbc.operation.McFeerateOperation" class="com.huateng.hsbc.operation.McFeerateOperation">
		 <property name="mcFeerateVaildService" ref="com.huateng.hsbc.service.McFeerateVaildService"></property>
	</bean>
	<bean id="com.huateng.hsbc.operation.McMerInfoOperation" class="com.huateng.hsbc.operation.McMerInfoOperation">
		<property name="mcMerinfoVaildService" ref="com.huateng.hsbc.service.McMerinfoVaildService"></property>
	</bean>
	<bean id="com.huateng.hsbc.operation.McPubkeyOperation" class="com.huateng.hsbc.operation.McPubkeyOperation">
		<property name="mcPubkeyVaildService" ref="com.huateng.hsbc.service.McPubkeyVaildService"></property>
	</bean>
	<!-- vaild service -->
	<bean id="com.huateng.hsbc.service.McFeerateVaildService" class="com.huateng.hsbc.service.McFeerateVaildService">
	</bean>
	<bean id="com.huateng.hsbc.service.McPubkeyVaildService" class="com.huateng.hsbc.service.McPubkeyVaildService">
	</bean>
	<bean id="com.huateng.hsbc.service.McOrgInfoVaildService" class="com.huateng.hsbc.service.McOrgInfoVaildService">
	</bean>
	<bean id="com.huateng.hsbc.service.McMerinfoVaildService" class="com.huateng.hsbc.service.McMerinfoVaildService">
	</bean>
	
	<bean id="chargeReport" class="com.huateng.hsbc.report.service.ChargeReportService">
	</bean>
	<bean id="refundDetailReportService" class="com.huateng.hsbc.report.service.RefundDetailReportService"></bean>
	<bean id="merchantinfoReport" class="com.huateng.hsbc.report.service.MerchantInfoReportService">
		<property name="sessionFactory">
            <ref bean="mySessionFactory"/>
        </property>
	</bean>
	<bean id="exportReport" class="com.huateng.hsbc.report.ExportReport">
		<property name="chargeReport" ref="chargeReport"></property>
		<property name="merchantinfoReport" ref="merchantinfoReport"></property>
		<property name="intradayReportService" ref="intradayReportService"></property>
		<property name="eodReportService" ref="eodReportService"></property>
		<property name="hkCustomerProfileReportService" ref="hkCustomerProfileReportService"></property>
		<property name="hkDailySettlSumReportService" ref="hkDailySettlSumReportService"></property>
		<property name="hkDailyCollDetailReportService" ref="hkDailyCollDetailReportService"></property>
		<property name="hkDailyCollDetailOpsReportService" ref="hkDailyCollDetailOpsReportService"></property>
		<property name="certificateReportService" ref="certificateReportService"></property>
		<property name="emailReconReportService" ref="emailReconReportService"></property>
		<property name="sgMerchantInfoReportService" ref="sgMerchantInfoReportService"></property>
		<property name="sgDailyCollDetailReportService" ref="sgDailyCollDetailReportService"></property>
		<property name="incompatibleReportService" ref="incompatibleReportService"></property>
		<property name="hkBillPaymentReportService" ref="hkBillPaymentReportService"></property>
		<property name="intradayExceptionReportService" ref="intradayExceptionReportService"></property>
		<property name="refundDetailReportService" ref="refundDetailReportService"></property>
	</bean>
	<bean id="uploadCertificateService" class="com.huateng.hsbc.certificate.UploadCertificateService">
		<property name="mcPubkeyVaildService" ref="com.huateng.hsbc.service.McPubkeyVaildService"></property>
	</bean>
	<bean id="intradayReportService" class="com.huateng.hsbc.report.service.IntradayReportService"></bean>
	<bean id="eodReportService" class="com.huateng.hsbc.report.service.EODReportService"></bean>
	<bean id="hkCustomerProfileReportService" class="com.huateng.hsbc.report.service.HKCustomerProfileReportService"></bean>
	<bean id="hkDailySettlSumReportService" class="com.huateng.hsbc.report.service.HKDailySettlSumReportService"></bean>
	<bean id="hkDailyCollDetailReportService" class="com.huateng.hsbc.report.service.HKDailyCollDetailReportService"></bean>
	<bean id="hkDailyCollDetailOpsReportService" class="com.huateng.hsbc.report.service.HKDailyCollDetailOpsReportService"></bean>
	<bean id="certificateReportService" class="com.huateng.hsbc.report.service.CertificateReportService"></bean>
	<bean id="emailReconReportService" class="com.huateng.hsbc.report.service.EmailReconReportService"></bean>
	<bean id="incompatibleReportService" class="com.huateng.hsbc.report.service.IncompatibleReportService"></bean>
	<bean id="intradayExceptionReportService" class="com.huateng.hsbc.report.service.IntradayExceptionReportService"></bean>
	<bean id="sgMerchantInfoReportService" class="com.huateng.hsbc.report.service.SGMerchantInfoReportService">
		<property name="sessionFactory">
            <ref bean="mySessionFactory"/>
        </property>
	</bean>
	<bean id="sgDailyCollDetailReportService" class="com.huateng.hsbc.report.service.SGDailyCollDetailReportService"></bean>
	<bean id="hkBillPaymentReportService" class="com.huateng.hsbc.report.service.HKBillPaymentReportService"></bean>
	<bean id="UploadVaildService" class="com.huateng.excel.imp.UploadVaildService"></bean>
	<!-- RMS -->
	<bean id="com.huateng.hsbc.rms.service.RmsService" class="com.huateng.hsbc.rms.service.RmsService"></bean>
	<!-- AMLO -->
	<bean id="com.huateng.hsbc.amlo.service.AmloService" class="com.huateng.hsbc.amlo.service.AmloService"></bean> 
	<!-- billing -->
	<bean id="com.huateng.hsbc.billing.service.BillingService" class="com.huateng.hsbc.billing.service.BillingService"></bean>
	<!-- FeeMq -->
	<bean id="com.huateng.hsbc.mq.FeeMqService" class="com.huateng.hsbc.mq.FeeMqService"></bean>
	<!-- recJob -->
	<bean id="com.huateng.hsbc.reconciliations.service.ReconciliationsIdService" class="com.huateng.hsbc.reconciliations.service.ReconciliationsIdService">
		<property name="billingService" ref="com.huateng.hsbc.billing.service.BillingService"></property>
		<property name="feeMqService" ref="com.huateng.hsbc.mq.FeeMqService"></property>
		<property name="chargeReport" ref="chargeReport"></property>
		<property name="eodReportService" ref="eodReportService"></property>
		<property name="incompatibleReportService" ref="incompatibleReportService"></property>
	</bean>
	<bean id="com.huateng.hsbc.reconciliations.service.Recon2c2pService" class="com.huateng.hsbc.reconciliations.service.Recon2c2pService">
		<property name="billingService" ref="com.huateng.hsbc.billing.service.BillingService"></property>
		<property name="feeMqService" ref="com.huateng.hsbc.mq.FeeMqService"></property>
		<property name="chargeReport" ref="chargeReport"></property>
	</bean>
	<!-- HK -->
	<bean id="com.huateng.hsbc.service.HkReconciliationService" class="com.huateng.hsbc.service.HkReconciliationService">
		<property name="hkDailySettlSumReportService" ref="hkDailySettlSumReportService"></property>
		<property name="hkDailyCollDetailReportService" ref="hkDailyCollDetailReportService"></property>
		<property name="hkDailyCollDetailOpsReportService" ref="hkDailyCollDetailOpsReportService"></property>
		<property name="hkBillPaymentReportService" ref="hkBillPaymentReportService"></property>
	</bean>
	<bean id="com.huateng.hsbc.operation.McHubReportOperation" class="com.huateng.hsbc.operation.McHubReportOperation">
			<property name="mcHubReportService" ref="com.huateng.hsbc.service.McHubReportService"></property>
	</bean>
	<bean id="com.huateng.hsbc.service.McHubReportService" class="com.huateng.hsbc.service.McHubReportService">
	</bean>
	<!-- generateReport Job -->
	<bean id="com.huateng.hsbc.service.GenerateReportService" class="com.huateng.hsbc.service.GenerateReportService">
		<property name="eodReportService" ref="eodReportService"></property>
		<property name="hkDailySettlSumReportService" ref="hkDailySettlSumReportService"></property>
	</bean>
	<bean id="com.huateng.hsbc.service.SGReconciliationService" class="com.huateng.hsbc.service.SGReconciliationService">
		<property name="sgDailyCollDetailReportService" ref="sgDailyCollDetailReportService"></property>
	</bean>
	<bean id="com.huateng.hsbc.emailrecon.service.EmailReconService" class="com.huateng.hsbc.emailrecon.service.EmailReconService">
		<property name="emailReconReportService" ref="emailReconReportService"></property>
	</bean>
	<bean id="com.huateng.hsbc.operation.McHubFeeOperation" class="com.huateng.hsbc.operation.McHubFeeOperation"></bean>
	
	<!-- add vn recon begin -->
	<bean id="com.huateng.hsbc.billing.service.BillingVNService" class="com.huateng.hsbc.billing.service.BillingVNService"></bean>
	<bean id="com.huateng.hsbc.reconciliations.service.ReconVNService" class="com.huateng.hsbc.reconciliations.service.ReconVNService">
		<property name="billingVNService" ref="com.huateng.hsbc.billing.service.BillingVNService"></property>
	</bean>
	<!-- add vn recon end -->
</beans>
