<?xml version="1.0" encoding="UTF-8"?>
<CommQry title="汇率信息维护" type="call" interface="true" navigate=""
	pagesize="10" async="true" databusid="" transdataactionurl="/trans/TransDataAction.do"
	getterclassname="com.huateng.hsbc.feerate.getter.McFeerateTmpGetter">
	<Include id="BankParam" />
	<Fields>
		<Field id="select"  desc="Common.Field.select"  method="None" edittype="checkbox" datatype="boolean" xpath="" />
		<Field id="opr"  desc="Common.Field.opr"  method="None" edittype="text" datatype="string" xpath="" />
		
		<Field id="id"      desc="McFeeRateList.Field.id"      status="F" edittype="text" rules="xssSave" datatype="string" readonly="false" require="false" primary="true" type="String" size="15"  default="" xpath="/id"     />
		<Field id="feetype" desc="McFeeRateList.Field.feetype" status="F" edittype="select" rules="xssSave" datatype="string" readonly="false" require="true" primary="true" type="String" size="1"   default="" xpath="/feetype" translated="DATA_DIC.1005"/>
		<Field id="orgid"   desc="McFeeRateList.Field.orgid"   status="F" edittype="select" rules="xssSave" datatype="string" readonly="false" require="true" primary="true" type="String" size="15"  default="" xpath="/orgid"  translated="CQ:allOrgInfoSelect" fieldmap="orgid=minorgid;country=mincountry;paytype=minpaytype" viewField="minidAndName"/>
		
		<Field id="country" desc="McFeeRateList.Field.country" status="F" edittype="select" rules="xssSave" datatype="string" readonly="false" require="true" primary="true" type="String" size="10"  default="" xpath="/country" translated="CQ:allCountrySelect" fieldmap="country=mindataNo" viewField="mindataName"/>
		<Field id="paytype" desc="McFeeRateList.Field.paytype" status="F" edittype="select" rules="xssSave" datatype="string" readonly="false" require="true" primary="true" type="String" size="10"  default="" xpath="/paytype" translated="DATA_DIC.1032"/>
		<Field id="paychl"  desc="McFeeRateList.Field.paychl"  status="F" edittype="text" rules="xssSave" datatype="string" readonly="false" require="false" primary="true" type="String" size="20"  default="" xpath="/paychl" />
		<Field id="partner" desc="McFeeRateList.Field.partner" status="F" edittype="text" rules="xssSave" datatype="string" readonly="false" require="false" primary="true" type="String" size="20"  default="" xpath="/partner"/>
		<Field id="feemode" desc="McFeeRateList.Field.feemode" status="F" edittype="select" rules="xssSave" datatype="string" readonly="false" require="true" primary="true" type="String" size="1"   default="" xpath="/feemode" translated="DATA_DIC.1006"/>
		<Field id="feerate" desc="McFeeRateList.Field.feerate" status="F" edittype="text" rules="xssSave" datatype="string" readonly="false" require="true" primary="true" type="String" size="20"  default="" xpath="/feerate"/>
		<Field id="feemix"  desc="McFeeRateList.Field.feemix"  status="F" edittype="text" rules="xssSave" datatype="string" readonly="false" require="false" primary="true" type="String" size="20"  default="" xpath="/feemix" />
		<Field id="feemax"  desc="McFeeRateList.Field.feemax"  status="F" edittype="text" rules="xssSave" datatype="string" readonly="false" require="false" primary="true" type="String" size="20"  default="" xpath="/feemax" />
		<Field id="status"  desc="McFeeRateList.Field.status"  status="F" edittype="select" rules="xssSave" datatype="string" readonly="false" require="false" primary="true" type="String" size="1"   default="" xpath="/status" translated="DATA_DIC.1000"/>
		<Field id="creid"   desc="Common.Field.creid"   status="F" edittype="text" rules="xssSave" datatype="string" readonly="false" require="false" primary="true" type="String" size="20"  default="" xpath="/creid"  />
		<Field id="cretime" desc="Common.Field.cretime" status="F" edittype="text" rules="xssSave" datatype="string" readonly="false" require="false" primary="true" type="String" size="14"  default="" xpath="/cretime"/>
		<Field id="modid"   desc="Common.Field.modid"   status="F" edittype="text" rules="xssSave" datatype="string" readonly="false" require="false" primary="true" type="String" size="20"  default="" xpath="/modid"  />
		<Field id="modtime" desc="Common.Field.modtime" status="F" edittype="text" rules="xssSave" datatype="string" readonly="false" require="false" primary="true" type="String" size="14"  default="" xpath="/modtime"/>
		<Field id="chkid"   desc="Common.Field.chkid"   status="F" edittype="text" rules="xssSave" datatype="string" readonly="false" require="false" primary="true" type="String" size="20"  default="" xpath="/chkid"  />
		<Field id="chktime" desc="Common.Field.chktime" status="F" edittype="text" rules="xssSave" datatype="string" readonly="false" require="false" primary="true" type="String" size="14"  default="" xpath="/chktime"/>	
		<Field id="rejinfo"      desc="McMerinfoList.Field.rejinfo"      status="F" edittype="text" rules="xssSave" datatype="string" readonly="false" primary="true" type="String" size="100" default="" xpath="/rejinfo" />
		
		<Field id="status"  	   desc="Common.Field.status"         status="N" edittype="select" rules="xssSave" datatype="string" readonly="false" primary="true" type="String" size="2"   default="" xpath="/status"  translated="DATA_DIC.1000" />
		<Field id="action"  	   desc="Common.Field.action"         status="N" edittype="select" rules="xssSave" datatype="string" readonly="false" primary="true" type="String" size="2"   default="" xpath="/action"  translated="DATA_DIC.1026" />
		<Field id="prostatus"  	   desc="Common.Field.prostatus"      status="N" edittype="select" rules="xssSave" datatype="string" readonly="false" primary="true" type="String" size="1"   default="" xpath="/prostatus"  translated="DATA_DIC.501" />
		
		<Field id="approveStatusChoose" desc="Common.Message.Approve.Select" require="false"
			edittype="select" datatype="string" method="None" readonly="false"
			size="2" translated="DATA_DIC.1015" status="N" default="" xpath="" />
		<Field id="approveResultChoose" desc="Common.Message.Approve.Explain" require="" edittype="text"
			datatype="string" method="None" readonly="false" size="256" status="N"
			default="" xpath="" />
		
		<Field id="cretimeShow" method="com.huateng.ebank.business.common.CQMethod.getDateUTC" desc="Common.Field.cretime" status="F" edittype="text"  datatype="string" readonly="true" primary="true" type="String" size="14"  default="" xpath="/cretime"/>
		<Field id="modtimeShow" method="com.huateng.ebank.business.common.CQMethod.getDateUTC" desc="Common.Field.modtime" status="F" edittype="text"  datatype="string" readonly="true" primary="true" type="String" size="14"  default="" xpath="/modtime"/>
		<Field id="chktimeShow" method="com.huateng.ebank.business.common.CQMethod.getDateUTC" desc="Common.Field.chktime" status="F" edittype="text"  datatype="string" readonly="true" primary="true" type="String" size="14"  default="" xpath="/chktime"/>
		<Field id="lasttime"  	   desc="Common.Field.lasttime"      status="F" edittype="text" rules="xssSave" datatype="string" readonly="false" primary="true" type="String" size="19"   default="" xpath="/lasttime"  />
	</Fields>
	<Where>
		<TextBox id="qid" desc="McFeeRateList.Field.id" edittype="text" status="F" datatype="string" size="15" index="0" />
		<Option id="qfeetype" desc="McFeeRateList.Field.feetype" edittype="select" status="F" translated="DATA_DIC.1005" datatype="string" size="1" index="1" />
	</Where>
	<Operations>
		<Button id="btAdd" name="btAdd" desc="Common.Button.btAdd" operation="" url="#"
			show="" group="" txn="" icon="icon-add" />
		<Button id="btMod" name="btMod" desc="Common.Button.btMod" operation="" url="#"
			show="" group="" txn="" icon="icon-edit" />
		<Button id="btDel" name="btDel" desc="Common.Button.btDel" operation="asysubmit" url="#" 
				updateClass="com.huateng.hsbc.update.McFeerateUpdate" show="" group="" txn="" icon="icon-delete" />
		<Button id="btSave" name="btSave" desc="Common.Button.btSave" operation="asysubmit" url="#" 
				updateClass="com.huateng.hsbc.update.McFeerateUpdate" show="" group="" txn="" icon="icon-save" />
		<Button id="btBack" name="btBack" desc="Common.Button.btBack" operation="" url="#"
			show="" group="" txn="" icon="icon-back" />
		<Button id="btApprove" desc="Common.Button.btApprove" operation="asysubmit" icon="icon-ok"
			url="#" updateClass="com.huateng.hsbc.update.McFeerateCheckSingleUpdate" />
		<Button id="btReject" desc="Common.Button.btReject" operation="asysubmit" icon="icon-no"
			url="#" updateClass="com.huateng.hsbc.update.McFeerateCheckSingleUpdate" />
	</Operations>
</CommQry>