<?xml version="1.0" encoding="UTF-8"?>
<!DOCTYPE dwr PUBLIC "-//GetAhead Limited//DTD Direct Web Remoting 2.0//EN" "http://getahead.org/dwr/dwr20.dtd">

<dwr>

    <allow>
		
        <create creator="new" javascript="CommonQueryResultProcess">
            <param name="class" value="com.huateng.commquery.process.BankResultProcess"/>
            <include method="processAsyncBean"/>
        </create>

        <create creator="new" javascript="CommonQueryUpdateProcess">
            <param name="class" value="com.huateng.commquery.process.BankUpdateProcess"/>
            <include method="savaOrUpdate"/>
        </create>

        <create creator="new" javascript="PortletProcess">
            <param name="class" value="com.huateng.commquery.process.PortletProcess"/>
            <include method="process"/>
        </create>

        <create creator="new" javascript="PrivAction">
            <param name="class" value="com.huateng.ebank.business.dwr.DwrFunctions"/>
            <include method="setGlobalInfo"/>
            <include method="saveFavt"/>
            <include method="setCurrentTabId"/>
            <include method="getFuncArray"/>
            <include method="getFuncArrayCopram"/>
            <include method="getCurrentBctlNo"/>
            <include method="setCurrentBctlNo"/>
            <include method="getUserInfo"/>
            <include method="getFunctionByBranchId"/>
            <include method="updateBranchFunc"/>
            <include method="getRoleFuncByid"/>
            <include method="getRoleFuncByIdCom"/>
            <include method="getRoleFuncByIdComSeri"/>
            <include method="getRoleFuncByRoleId"/>
            <include method="getRoleFuncByTaskId"/>
            <include method="updateRoleFunc"/>
            <include method="getcurrentFileType"/>
            <include method="getFuncArrayByFavt"/>
            <include method="getFavtList"/>
            <include method="getUsrByMsgId"/>
            <include method="getFuncArrayBySysname"/>
            <include method="AmlStrResultCopyByStrid"/>
            <include method="AmlStrResultCleanByStrid"/>
            <include method="AmlLtrResultCopyByLtrid"/>
            <include method="AmlLtrResultCleanByLtrid"/>
            <include method="getAreaParent"/>
            <include method="getBankInfoByCfic"/>
            <include method="getCustActInfoByActno"/>
            <include method="getCustActInfoByCustNo"/>
            <include method="getCISByCustNo"/>
            <include method="checkStrByStrid"/>
            <include method="checkLtrByStrid"/>
            <include method="checkStrCustByStrid"/>
            <include method="saveStrCust"/>
            <include method="checkCustIsEmpty"/>
            <include method="deleteStrresult"/>
            <include method="getTotalReportedHvpsTxn"/>
            <include method="getTotalPendingHvpsTxn"/>
            <include method="setFieldsReadonly"/>
            <include method="getAreaNameByAreaCode"/>
            <include method="switchLanuage"/>
            <!-- 假期管理 add by T-chensl 20180613 start -->
            <include method="checkWorkdateLock"/>
            <include method="getWorkDateByYear"/>
            <include method="saveOrUpdateWorkDate"/>
            <include method="getIntWorkDateByYear"/>
            <include method="saveOrUpdateWorkDay"/>
            <!-- 假期管理 add by T-chensl 20180613 end -->
            <!-- highlight tree -->
            <include method="getRoleAboult"/>
            <!-- highlight tree end-->
        </create>
        
		<create creator="new" javascript="CheckAction">
            <param name="class" value="com.huateng.hsbc.dwr.CheckAction"/>
            <include method="updateHubfee"/>
            <include method="hubfeeCheckOver"/>
            <include method="hubfeeCheckRefuse"/>
            <include method="checkPosName"/>
            <include method="checkMerID"/>
            <include method="checkReportDate"/>
            <include method="getPubkeyBeforeApprovalDetail"/>
            <include method="exportPDF"/>
            <include method="checkTraceno"/>
        </create>
		
		<create creator="new" javascript="hsbcAction">
            <param name="class" value="com.huateng.hsbc.dwr.HsbcDwrFunction"/>
            <include method="getMasterMerinfo"/>
            <include method="isSubMerinfo"/>
            <include method="isHasProxyID"/>
            <include method="getDefaultMerId"/>
            <include method="setCustm"/>
            <include method="checkPgp"/>
        </create>  
	
        <!-- 图形绘制 -->
        <convert match="map" converter="java.util.Map"/>
        <convert match="com.huateng.exception.AppException" converter="bean"/>
        <convert match="com.huateng.commquery.result.ResultParamBean"
                 javascript="ResultParamBean" converter="bean"/>
        <convert match="com.huateng.commquery.result.ResCdMsg"
                 javascript="ResCdMsg" converter="bean"/>
        <convert match="com.huateng.commquery.result.MultiUpdateResultBean"
                 converter="bean"/>
        <convert match="com.huateng.commquery.result.UpdateResultBean"
                 converter="bean"/>
        <convert match="com.huateng.commquery.result.UpdateReturnBean"
                 converter="bean"/>
        <convert match="resource.bean.basic.FunctionInfo" converter="bean"/>
        <convert match="resource.bean.basic.Bctl" converter="bean"/>
        <convert match="resource.bean.basic.RoleInfo" converter="bean"/>
        <convert match="resource.bean.basic.RoleFuncRel" converter="bean"/>


        <create creator="new" javascript="UploadMonitor">
            <param name="class" value="com.huateng.commquery.fileupload.UploadMonitor"/>
        </create>
        <convert converter="bean"
                 match="com.huateng.commquery.fileupload.UploadInfo"/>
		
		<!-- 报表生成 -->
		<create creator="new" javascript="ExportReportAction">
            <param name="class" value="com.huateng.hsbc.dwr.CreateReportAction"/>
            <include method="exportReports"/>
            <include method="sendEmail"/>
            <include method="sendMq"/>
            <include method="emaliRecon"/>
        </create>
		
    </allow>

    <signatures>
        <![CDATA[
		import java.util.List;
		import java.util.ArrayList;
		import java.util.Map;
		import com.huateng.commquery.result.UpdateReturnBean;
		import com.huateng.commquery.result.UpdateResultBean;
		import com.huateng.commquery.process.BankResultProcess;
		import com.huateng.commquery.process.BankUpdateProcess;
		import com.huateng.commquery.result.MultiUpdateResultBean;
		BankResultProcess.processAsyncBean(Map<String,String> map,HttpServletRequest request,HttpServletResponse response);
		BankUpdateProcess.savaOrUpdate(String updateClassName,MultiUpdateResultBean bean,HttpServletRequest request,HttpServletResponse response);
		MultiUpdateResultBean.setUpdateResult(Map<String,UpdateResultBean> map);
		MultiUpdateResultBean.setParamMap(Map<String,String> map);
		UpdateReturnBean.setParamMap(Map<String,String> map);
		UpdateResultBean.setParamMap(Map<String,String> map);
		UpdateResultBean.setTotalList(List<Map> list);
		]]>
    </signatures>
</dwr>
