<?xml version="1.0" encoding="UTF-8"?>
<CommQry title="证书维护信息列表" type="call" interface="true" navigate=""
	pagesize="10" async="true" databusid="" transdataactionurl="/trans/TransDataAction.do"
	getterclassname="com.huateng.hsbc.getter.HKGenQRtxnGetter">
	<Include id="BankParam" />
	
	<PageQryExp type="XLS" limit="true" encoding="UTF-8" url="/trans/qryExp.do" desc="McTxnInfo"/>
	
	<Fields>
		<Field id="txnid"  desc="HKGenQRtxn.Fields.Field.txnid" status="F" require="true" edittype="text" rules="xssSave" datatype="string" readonly="false" primary="true" type="String" size="25" default="" xpath="/txnid"/>
		<Field id="workdate"  desc="HKGenQRtxn.Fields.Field.workdate" status="F" require="true" edittype="text" rules="xssSave" datatype="string" readonly="false" primary="true" type="String" size="10" default="" xpath="/workdate"/>
		<Field id="txndate"  desc="HKGenQRtxn.Fields.Field.txndate" status="F" require="true" edittype="text" rules="xssSave" datatype="string" readonly="false" primary="true" type="String" size="10" default="" xpath="/txnDate"/>
		<Field id="merid"  desc="HKGenQRtxn.Fields.Field.merid" status="F" require="true" edittype="text" rules="xssSave" datatype="string" readonly="false" primary="true" type="String" size="15" default="" xpath="/merId"/>
		<Field id="mername"  desc="HKGenQRtxn.Fields.Field.mername" status="F" require="true" edittype="text" rules="xssSave" datatype="string" readonly="false" primary="true" type="String" size="512" default="" xpath="/mername"/>
		<Field id="paytype"  desc="HKGenQRtxn.Fields.Field.paytype" status="F" require="true" edittype="text" rules="xssSave" datatype="string" readonly="false" primary="true" type="String" size="100" default="" xpath="/paytype"/>
		<Field id="fpstxid"  desc="HKGenQRtxn.Fields.Field.fpstxid" status="F" require="true" edittype="text" rules="xssSave" datatype="string" readonly="false" primary="true" type="String" size="35" default="" xpath="/fpsTxId"/>
		<Field id="currency"  desc="HKGenQRtxn.Fields.Field.currency" status="F" require="true" edittype="text" rules="xssSave" datatype="string" readonly="false" primary="true" type="String" size="3" default="" xpath="/currency"/>
		<Field id="amount"  desc="HKGenQRtxn.Fields.Field.amount" status="F" require="true" edittype="text" rules="xssSave" datatype="string" readonly="false" primary="true" type="String" size="16" default="" xpath="/amount"/>
		<Field id="bamount"  desc="HKGenQRtxn.Fields.Field.bamount" status="F" require="true" edittype="text" rules="xssSave" datatype="string" readonly="false" primary="true" type="String" size="16" default="" xpath="/bamount"/>
		<Field id="status"  desc="HKGenQRtxn.Fields.Field.status" status="F" require="true" edittype="select" rules="xssSave" datatype="string" readonly="false" primary="true" type="String" size="12" default="" xpath="/status" translated="DATA_DIC.50001" />
		<Field id="posseroalno"  desc="HKGenQRtxn.Fields.Field.posseroalno" status="F" require="true" edittype="text" rules="xssSave" datatype="string" readonly="false" primary="true" type="String" size="36" default="" xpath="/posseroalno"/>
		<Field id="posstaffid"  desc="HKGenQRtxn.Fields.Field.posstaffid" status="F" require="true" edittype="text" rules="xssSave" datatype="string" readonly="false" primary="true" type="String" size="36" default="" xpath="/posstaffid"/>
		<Field id="proxyid"  desc="HKGenQRtxn.Fields.Field.proxyid" status="F" require="true" edittype="text" rules="xssSave" datatype="string" readonly="false" primary="true" type="String" size="35" default="" xpath="/proxyid"/>
		<Field id="fpsTxnTime"  desc="HKGenQRtxn.Fields.Field.fpsTxnTime" status="F" require="true" edittype="text" rules="xssSave" datatype="string" readonly="false" primary="true" type="String" size="" default="" xpath="/fpsTxnTime"/>
		
		
		<Field id="orderid"  desc="HKGenQRtxn.Fields.Field.orderid" status="N" require="true" edittype="text" rules="xssSave" datatype="string" readonly="false" primary="true" type="String" size="35" default="" xpath="/orderid"/>
		<Field id="txnChannel"  desc="HKGenQRtxn.Fields.Field.txnChannel" status="N" require="true" edittype="text" rules="xssSave" datatype="string" readonly="false" primary="true" type="String" size="2" default="" xpath="/txnChannel"/>
		<Field id="txntime"  desc="HKGenQRtxn.Fields.Field.txntime" status="N" require="true" edittype="text" rules="xssSave" datatype="string" readonly="false" primary="true" type="String" size="25" default="" xpath="/txntime"/>
		<Field id="country"  desc="HKGenQRtxn.Fields.Field.country" status="N" require="true" edittype="text" rules="xssSave" datatype="string" readonly="false" primary="true" type="String" size="2" default="" xpath="/country"/>
		<Field id="notifyurl"  desc="HKGenQRtxn.Fields.Field.notifyurl" status="N" require="true" edittype="text" rules="xssSave" datatype="string" readonly="false" primary="true" type="String" size="128" default="" xpath="/notifyurl"/>
		<Field id="goodsdes"  desc="HKGenQRtxn.Fields.Field.goodsdes" status="N" require="true" edittype="text" rules="xssSave" datatype="string" readonly="false" primary="true" type="String" size="128" default="" xpath="/goodsdes"/>
		<Field id="posterid"  desc="HKGenQRtxn.Fields.Field.posterid" status="N" require="true" edittype="text" rules="xssSave" datatype="string" readonly="false" primary="true" type="String" size="10" default="" xpath="/posterid"/>
		<Field id="proxytype"  desc="HKGenQRtxn.Fields.Field.proxytype" status="N" require="true" edittype="text" rules="xssSave" datatype="string" readonly="false" primary="true" type="String" size="4" default="" xpath="/proxytype"/>
		<Field id="qrcode"  desc="HKGenQRtxn.Fields.Field.qrcode" status="N" require="true" edittype="text" rules="xssSave" datatype="string" readonly="false" primary="true" type="String" size="512" default="" xpath="/qrcode"/>
		<Field id="mertimeout"  desc="HKGenQRtxn.Fields.Field.mertimeout" status="N" require="true" edittype="text" rules="xssSave" datatype="string" readonly="false" primary="true" type="String" size="4" default="" xpath="/mertimeout"/>
		<Field id="rsv1"  desc="HKGenQRtxn.Fields.Field.rsv1" status="N" require="true" edittype="text" rules="xssSave" datatype="string" readonly="false" primary="true" type="String" size="" default="20" xpath="/rsv1"/>
		<Field id="rsv2"  desc="HKGenQRtxn.Fields.Field.rsv2" status="N" require="true" edittype="text" rules="xssSave" datatype="string" readonly="false" primary="true" type="String" size="" default="20" xpath="/rsv2"/>
		<Field id="rsv3"  desc="HKGenQRtxn.Fields.Field.rsv3" status="N" require="true" edittype="text" rules="xssSave" datatype="string" readonly="false" primary="true" type="String" size="" default="40" xpath="/rsv3"/>
		<Field id="rsv4"  desc="HKGenQRtxn.Fields.Field.rsv4" status="N" require="true" edittype="text" rules="xssSave" datatype="string" readonly="false" primary="true" type="String" size="" default="40" xpath="/rsv4"/>
		<Field id="rsv5"  desc="HKGenQRtxn.Fields.Field.rsv5" status="N" require="true" edittype="text" rules="xssSave" datatype="string" readonly="false" primary="true" type="String" size="" default="60" xpath="/rsv5"/>
		<Field id="rsv6"  desc="HKGenQRtxn.Fields.Field.rsv6" status="N" require="true" edittype="text" rules="xssSave" datatype="string" readonly="false" primary="true" type="String" size="" default="60" xpath="/rsv6"/>
		<Field id="rsv7"  desc="HKGenQRtxn.Fields.Field.rsv7" status="N" require="true" edittype="text" rules="xssSave" datatype="string" readonly="false" primary="true" type="String" size="" default="100" xpath="/rsv7"/>
		<Field id="rsv8"  desc="HKGenQRtxn.Fields.Field.rsv8" status="N" require="true" edittype="text" rules="xssSave" datatype="string" readonly="false" primary="true" type="String" size="" default="100" xpath="/rsv8"/>
		<Field id="rsv9"  desc="HKGenQRtxn.Fields.Field.rsv9" status="N" require="true" edittype="text" rules="xssSave" datatype="string" readonly="false" primary="true" type="String" size="" default="200" xpath="/rsv9"/>
		<Field id="rsv10"  desc="HKGenQRtxn.Fields.Field.rsv10" status="N" require="true" edittype="text" rules="xssSave" datatype="string" readonly="false" primary="true" type="String" size="" default="200" xpath="/rsv10"/>
			
	</Fields>
	<Where>
		<DateTextBox id="tstartdate" desc="HKGenQRtxn.Where.DateTextBox.tstartdate" edittype="text" datatype="date" size="10" index="0" />
		<DateTextBox id="tenddate" desc="HKGenQRtxn.Where.DateTextBox.tenddate" edittype="text" datatype="date" size="10" index="1" />
		<DateTextBox id="sstartdate" desc="HKGenQRtxn.Where.DateTextBox.sstartdate" edittype="text" datatype="date" size="10" index="2" />
		<DateTextBox id="senddate" desc="HKGenQRtxn.Where.DateTextBox.senddate" edittype="text" datatype="date" size="10" index="3" />
		<TextBox ID="tmerId" desc="HKGenQRtxn.Where.TextBox.tmerId" edittype="text" status="F" datatype="string" size="15" index="4"/>
		<TextBox ID="ttxnId" desc="HKGenQRtxn.Where.TextBox.ttxnId" edittype="text" status="F" datatype="string" size="25" index="5"/>
		<TextBox ID="tamount" desc="HKGenQRtxn.Where.TextBox.tamount" edittype="text" status="F" datatype="string" size="16" index="6"/>
		<!-- <TextBox ID="tstatus" desc="HKGenQRtxn.Where.TextBox.tstatus" edittype="" status="F" datatype="string" size="12" index="7"/> -->
		<Option id="tstatus" desc="HKGenQRtxn.Where.TextBox.tstatus" edittype="select" status="F" translated="DATA_DIC.50001" datatype="string" size="12" index="7" editable="false" require="true"/>
		<TextBox ID="samount" desc="HKGenQRtxn.Where.TextBox.samount" edittype="text" status="F" datatype="string" size="16" index="8"/>
		<TextBox ID="tcurrency" desc="HKGenQRtxn.Where.TextBox.tcurrency" edittype="text" status="F" datatype="string" size="3" index="9"/>
		<TextBox ID="sfpstxid" desc="HKGenQRtxn.Where.TextBox.sfpsTxId" edittype="text" status="F" datatype="string" size="35" index="10"/>
		
	</Where>
	<Operations>
		<Button id="btExport" desc="Common.Button.Export" operation="asysubmit" icon="icon-ok"
			url="#" updateClass="" />
	</Operations>
</CommQry>