<?xml version="1.0" encoding="UTF-8"?>
<CommQry title="证书维护信息列表" type="call" interface="true" navigate=""
	pagesize="10" async="true" databusid="" transdataactionurl="/trans/TransDataAction.do"
	getterclassname="com.huateng.hsbc.getter.SGPaymenttxnGetter">
	<Include id="BankParam" />
	
	
	
	<Fields>
		<Field id="endToEndId"  desc="SGPaymenttxn.Fields.Field.endToEndId" status="F" require="true" edittype="text" rules="xssSave" datatype="string" readonly="false" primary="true" type="String" size="35" default="" xpath="/endToEndId"/>
		<Field id="settDate"  desc="SGPaymenttxn.Fields.Field.settDate" status="F" require="true" edittype="text" rules="xssSave" datatype="string" readonly="false" primary="true" type="String" size="8" default="" xpath="/settDate"/>
		<Field id="merid"  desc="SGPaymenttxn.Fields.Field.merid" status="F" require="true" edittype="text" rules="xssSave" datatype="string" readonly="false" primary="true" type="String" size="15" default="" xpath="/merId"/>
		<Field id="mername"  desc="SGPaymenttxn.Fields.Field.mername" status="F" require="true" edittype="text" rules="xssSave" datatype="string" readonly="false" primary="true" type="String" size="512" default="" xpath="/mername"/>
		<Field id="sysref"  desc="SGPaymenttxn.Fields.Field.sysref" status="F" require="true" edittype="text" rules="xssSave" datatype="string" readonly="false" primary="true" type="String" size="20" default="" xpath="/sysRef"/>
		<Field id="payeeCur"  desc="SGPaymenttxn.Fields.Field.payeeCur" status="F" require="true" edittype="text" rules="xssSave" datatype="string" readonly="false" primary="true" type="String" size="3" default="" xpath="/payeeCur"/>
		<Field id="payeeAmt"  desc="SGPaymenttxn.Fields.Field.payeeAmt" status="F" require="true" edittype="text" rules="xssSave" datatype="string" readonly="false" primary="true" type="String" size="16" default="" xpath="/payeeAmt"/>
		<Field id="proxyid"  desc="SGPaymenttxn.Fields.Field.proxyid" status="F" require="true" edittype="text" rules="xssSave" datatype="string" readonly="false" primary="true" type="String" size="35" default="" xpath="/proxyid"/>
		<Field id="meracct"  desc="SGPaymenttxn.Fields.Field.meracct" status="F" require="true" edittype="text" rules="xssSave" datatype="string" readonly="false" primary="true" type="String" size="32" default="" xpath="/meracct"/>
		<Field id="settTime"  desc="SGPaymenttxn.Fields.Field.settTime" status="F" require="true" edittype="text" rules="xssSave" datatype="string" readonly="false" primary="true" type="String" size="23" default="" xpath="/settTime"/>	
	</Fields>
	<Where>
		<DateTextBox id="tstartdate" desc="SGPaymenttxn.Where.DateTextBox.tstartdate" edittype="text" datatype="date" size="10" index="0" />
		<DateTextBox id="tenddate" desc="SGPaymenttxn.Where.DateTextBox.tenddate" edittype="text" datatype="date" size="10" index="1" />
		<TextBox ID="tmerId" desc="SGPaymenttxn.Where.TextBox.tmerId" edittype="text" status="F" datatype="string" size="15" index="2"/>
		<TextBox ID="tendToEndId" desc="SGPaymenttxn.Where.TextBox.tendToEndId" edittype="text" status="F" datatype="string" size="35" index="3"/>
		<TextBox ID="tpayeeAmt" desc="SGPaymenttxn.Where.TextBox.tpayeeAmt" edittype="text" status="F" datatype="string" size="16" index="4"/>
		<TextBox ID="tpayeeCur" desc="SGPaymenttxn.Where.TextBox.tpayeeCur" edittype="text" status="F" datatype="string" size="3" index="5"/>
		<TextBox ID="tsysref" desc="SGPaymenttxn.Where.TextBox.tsysref" edittype="text" status="F" datatype="string" size="20" index="6"/>
		
	</Where>
	<Operations>
		<Button id="btExport" desc="Common.Button.Export" operation="asysubmit" icon="icon-ok"
			url="#" updateClass="" />
	</Operations>
</CommQry>