<?xml version="1.0"?>
<!DOCTYPE hibernate-mapping PUBLIC
    "-//Hibernate/Hibernate Mapping DTD//EN"
    "http://hibernate.sourceforge.net/hibernate-mapping-3.0.dtd" >
<hibernate-mapping package="resource.bean.hf">
	<class name="McChargeReport" table="MC_CHARGER_REPORT">
		<id name="merid" column="MERID" type="string" />
		<property column="MERNAME"      name="mername"      type="string" />
		<property column="ORGNAME"      name="orgname"      type="string" />
		<property column="MERFEEACCT"   name="merfeeacct"   type="string" />
		<property column="TRANDATE"     name="trandate"     type="string" />
		<property column="ACCTCUR"      name="acctcur"      type="string" />
		<property column="HSBCSTATUS"   name="hsbcstatus"   type="string" />
		<property column="HSBCREMARKS"  name="hsbcremarks"  type="string" />
		<property column="AGSTATUS"   name="agstatus"   type="string" />
		<property column="AGREMARKS"  name="agremarks"  type="string" />
		<property column="VATSTATUS"   name="vatstatus"   type="string" />
		<property column="VATREMARKS"  name="vatremarks"  type="string" />
		<property column="BEGINDATE"    name="begindate"    type="string" />
		<property column="ENDDATE"      name="enddate"      type="string" />
		<property column="MERTYPE"      name="mertype"      type="string" />
		<property column="CUSTID"       name="custid"       type="string" />
		<property column="SUPMERID"     name="supmerid"     type="string" />
	</class>
</hibernate-mapping>